"runId","mean(elapsed) [ms]","median(elapsed) [ms]","90th_percentile(elapsed) [ms]","mean(latency) [ms]","median(latency) [ms]","90th_percentile(latency) [ms]","mean(receivedBytes) [byte]","median(receivedBytes) [byte]","90th_percentile(receivedBytes) [byte]","mean(sentBytes) [byte]","median(sentBytes) [byte]","90th_percentile(sentBytes) [byte]","success_rate [%]","duration","requests","start","throughput [requests / s]","label","entityType","architectureVariation","loadLevel"
"20250212_083115_100req_1_browse_run",41.4568187265319,32,78,34.0772549332907,25,68,18390.6012356528,5898,52074,492.492077441346,300,1243,0.753801496631248,306.774,37551,"##------ Wed Feb 26 14:46:39 2025 ------##",122.406070918657,"Overall","system","teastore-private-nlb-withfailures-lowreplication","100"
"20250212_083115_100req_1_browse_run",34.3450292397661,30,59,14.8538011695906,11,33,9120.26315789474,7747,12550,1596.4269005848,1933,2109,0.847953216374269,NA,171,"##------ Wed Feb 26 14:46:39 2025 ------##",NA,"Add Product 2 to Cart","requestTrace","teastore-private-nlb-withfailures-lowreplication","100"
"20250212_083115_100req_1_browse_run",39.7851428571429,33,74,19.3211428571429,13,38,7864.73171428571,7021,11837,1004.12785714286,1243,1246,0.75,NA,7000,"##------ Wed Feb 26 14:46:39 2025 ------##",NA,"Add Product to Cart","requestTrace","teastore-private-nlb-withfailures-lowreplication","100"
"20250212_083115_100req_1_browse_run",61.9284285714286,52,117,61.1125714285714,51,114,5508.75485714286,4306,9118,211.47,210,210,0.685857142857143,NA,7000,"##------ Wed Feb 26 14:46:39 2025 ------##",NA,"Home","requestTrace","teastore-private-nlb-withfailures-lowreplication","100"
"20250212_083115_100req_1_browse_run",39.4342857142857,31,72,36.269,29,65,41302.5841428571,19593,113000,292.840428571429,300,300,0.761142857142857,NA,7000,"##------ Wed Feb 26 14:46:39 2025 ------##",NA,"List Products","requestTrace","teastore-private-nlb-withfailures-lowreplication","100"
"20250212_083115_100req_1_browse_run",42.0978991596639,33,78,37.5058823529412,31,66.0999999999999,44944.1878151261,20042,113333,729.68781512605,873,875,0.787394957983193,NA,2380,"##------ Wed Feb 26 14:46:39 2025 ------##",NA,"List Products with different page","requestTrace","teastore-private-nlb-withfailures-lowreplication","100"
"20250212_083115_100req_1_browse_run",32.3818571428571,24,60,19.8554285714286,13,37,7030.70628571429,5898,10710,566.486857142857,620,620,0.786285714285714,NA,7000,"##------ Wed Feb 26 14:46:39 2025 ------##",NA,"Login","requestTrace","teastore-private-nlb-withfailures-lowreplication","100"
"20250212_083115_100req_1_browse_run",33.7101428571429,26,62,33.132,26,60,21444.4708571429,5604,54587,279.921142857143,287,288,0.772,NA,7000,"##------ Wed Feb 26 14:46:39 2025 ------##",NA,"Look at Product","requestTrace","teastore-private-nlb-withfailures-lowreplication","100"
"20250212_083115_100req_2_browse_run",38.5591220704682,28,69,31.8043258755381,23,61,16723.1796513791,5898,48911,497.116729553064,300,1243,0.763591433278418,306.961,37634,"##------ Wed Feb 26 14:46:39 2025 ------##",122.601894051687,"Overall","system","teastore-private-nlb-withfailures-lowreplication","100"
"20250212_083115_100req_2_browse_run",34.3373493975904,28,70.5,18.0722891566265,11,36.5,7853.56626506024,7703,12534.5,1555.0421686747,1863.5,2108.5,0.728915662650602,NA,166,"##------ Wed Feb 26 14:46:39 2025 ------##",NA,"Add Product 2 to Cart","requestTrace","teastore-private-nlb-withfailures-lowreplication","100"
"20250212_083115_100req_2_browse_run",35.1831428571429,28,66,16.9575714285714,11,35,7684.27571428571,7020,11835,1016.80357142857,1243,1246,0.757285714285714,NA,7000,"##------ Wed Feb 26 14:46:39 2025 ------##",NA,"Add Product to Cart","requestTrace","teastore-private-nlb-withfailures-lowreplication","100"
"20250212_083115_100req_2_browse_run",59.2727142857143,40,110.1,56.4995714285714,40,109,5669.01085714286,5604,9118,214.08,210,210,0.708428571428571,NA,7000,"##------ Wed Feb 26 14:46:39 2025 ------##",NA,"Home","requestTrace","teastore-private-nlb-withfailures-lowreplication","100"
"20250212_083115_100req_2_browse_run",36.8044285714286,29,63,35.0128571428571,28,59.1000000000004,36211.1998571429,19593,105554,295.824285714286,300,300,0.779428571428571,NA,7000,"##------ Wed Feb 26 14:46:39 2025 ------##",NA,"List Products","requestTrace","teastore-private-nlb-withfailures-lowreplication","100"
"20250212_083115_100req_2_browse_run",39.2759319286872,30,78,36.7816045380875,28,71,41169.2062398703,20026,111170,726.460291734198,873,875,0.752431118314425,NA,2468,"##------ Wed Feb 26 14:46:39 2025 ------##",NA,"List Products with different page","requestTrace","teastore-private-nlb-withfailures-lowreplication","100"
"20250212_083115_100req_2_browse_run",28.9278571428571,22,54,17.0942857142857,12,34,6760.02857142857,5898,10710,571.337714285714,620,620,0.799285714285714,NA,7000,"##------ Wed Feb 26 14:46:39 2025 ------##",NA,"Login","requestTrace","teastore-private-nlb-withfailures-lowreplication","100"
"20250212_083115_100req_2_browse_run",32.4548571428571,25,56,32.0281428571429,25,55,18882.7492857143,5155,53912,281.590142857143,287,288,0.778285714285714,NA,7000,"##------ Wed Feb 26 14:46:39 2025 ------##",NA,"Look at Product","requestTrace","teastore-private-nlb-withfailures-lowreplication","100"
"20250212_083115_100req_3_browse_run",42.4545478716333,35,77,34.9589215920874,27,69,16993.1911674776,5898,49744,491.809151577996,300,1243,0.748531014862673,306.962,37611,"##------ Wed Feb 26 14:46:40 2025 ------##",122.526566806315,"Overall","system","teastore-private-nlb-withfailures-lowreplication","100"
"20250212_083115_100req_3_browse_run",37.0242424242424,28,67.8,16.1151515151515,11,30.4,8340.5696969697,7698,12529.6,1479.50303030303,1823,2109,0.763636363636364,NA,165,"##------ Wed Feb 26 14:46:40 2025 ------##",NA,"Add Product 2 to Cart","requestTrace","teastore-private-nlb-withfailures-lowreplication","100"
"20250212_083115_100req_3_browse_run",40.6177142857143,35,73,19.9644285714286,14,40,7853.38285714286,7022.5,11836,1000.69171428571,1243,1246,0.741,NA,7000,"##------ Wed Feb 26 14:46:40 2025 ------##",NA,"Add Product to Cart","requestTrace","teastore-private-nlb-withfailures-lowreplication","100"
"20250212_083115_100req_3_browse_run",59.9278571428571,51,109,59.7761428571429,51,109,5753.46457142857,5604,9118,210.06,210,210,0.693428571428571,NA,7000,"##------ Wed Feb 26 14:46:40 2025 ------##",NA,"Home","requestTrace","teastore-private-nlb-withfailures-lowreplication","100"
"20250212_083115_100req_3_browse_run",42.408,35,76,39.5651428571429,33,70,36170.3245714286,19593,105554,293.795,300,300,0.748285714285714,NA,7000,"##------ Wed Feb 26 14:46:40 2025 ------##",NA,"List Products","requestTrace","teastore-private-nlb-withfailures-lowreplication","100"
"20250212_083115_100req_3_browse_run",43.4574816026165,36,75,39.2563368765331,34,67,43025.1426819297,20042,113272,725.45584627964,873,875,0.786999182338512,NA,2446,"##------ Wed Feb 26 14:46:40 2025 ------##",NA,"List Products with different page","requestTrace","teastore-private-nlb-withfailures-lowreplication","100"
"20250212_083115_100req_3_browse_run",33.3961428571429,25,60,19.3314285714286,12,38,6896.87628571429,5898,10710,568.640142857143,620,620,0.790714285714286,NA,7000,"##------ Wed Feb 26 14:46:40 2025 ------##",NA,"Login","requestTrace","teastore-private-nlb-withfailures-lowreplication","100"
"20250212_083115_100req_3_browse_run",35.7005714285714,29,67,35.1,28,65,19399.5545714286,5604,53642.0000000001,280.934714285714,287,288,0.755428571428571,NA,7000,"##------ Wed Feb 26 14:46:40 2025 ------##",NA,"Look at Product","requestTrace","teastore-private-nlb-withfailures-lowreplication","100"
"20250212_083115_100req_4_browse_run",40.1749993362186,32,75,32.892095690731,25,66,16166.3234739665,5935,24378,494.011363938082,300,1243,0.751241271274195,307.068,37663,"##------ Wed Feb 26 14:46:40 2025 ------##",122.653614183178,"Overall","system","teastore-private-nlb-withfailures-lowreplication","100"
"20250212_083115_100req_4_browse_run",38.1263736263736,33,66.9,18.2032967032967,13,36,8161.7032967033,7706,12515.8,1560.12087912088,1827,2108.9,0.763736263736264,NA,182,"##------ Wed Feb 26 14:46:40 2025 ------##",NA,"Add Product 2 to Cart","requestTrace","teastore-private-nlb-withfailures-lowreplication","100"
"20250212_083115_100req_4_browse_run",41.3124285714286,33,76,20.242,13,42,7573.33228571429,7017,11833,1001.01314285714,1243,1246,0.742,NA,7000,"##------ Wed Feb 26 14:46:40 2025 ------##",NA,"Add Product to Cart","requestTrace","teastore-private-nlb-withfailures-lowreplication","100"
"20250212_083115_100req_4_browse_run",52.8357142857143,46,91,52.5507142857143,46,91,6032.45742857143,5604,9118,210.18,210,210,0.687571428571429,NA,7000,"##------ Wed Feb 26 14:46:40 2025 ------##",NA,"Home","requestTrace","teastore-private-nlb-withfailures-lowreplication","100"
"20250212_083115_100req_4_browse_run",39.6458571428571,32,74,37.1931428571429,30,67,35530.7074285714,19593,105554,293.267142857143,300,300,0.755857142857143,NA,7000,"##------ Wed Feb 26 14:46:40 2025 ------##",NA,"List Products","requestTrace","teastore-private-nlb-withfailures-lowreplication","100"
"20250212_083115_100req_4_browse_run",39.0318419991939,32,70,36.5457476823861,30,64,34698.1523579202,19979,105974,744.598145908908,873,875,0.785570334542523,NA,2481,"##------ Wed Feb 26 14:46:40 2025 ------##",NA,"List Products with different page","requestTrace","teastore-private-nlb-withfailures-lowreplication","100"
"20250212_083115_100req_4_browse_run",33.2128571428571,25,63,19.7648571428571,13,39,6813.89185714286,5898,10710,568.646285714286,620,620,0.791,NA,7000,"##------ Wed Feb 26 14:46:40 2025 ------##",NA,"Login","requestTrace","teastore-private-nlb-withfailures-lowreplication","100"
"20250212_083115_100req_4_browse_run",34.3265714285714,26,62,33.7967142857143,26,61.1000000000004,18521.1388571429,5604,53912,280.416285714286,287,288,0.767285714285714,NA,7000,"##------ Wed Feb 26 14:46:40 2025 ------##",NA,"Look at Product","requestTrace","teastore-private-nlb-withfailures-lowreplication","100"
"20250212_083115_100req_5_browse_run",43.1015905047662,34,79,35.5564376941664,27,69,19140.6834125488,6997,53556,486.150739491782,300,1243,0.747988635458432,307.627,37661,"##------ Wed Feb 26 14:46:41 2025 ------##",122.424234543782,"Overall","system","teastore-private-nlb-withfailures-lowreplication","100"
"20250212_083115_100req_5_browse_run",34.75,30,58,14.186170212766,11,27.3,8310.64361702128,7715.5,12507.4,1548.21808510638,1827,2107,0.824468085106383,NA,188,"##------ Wed Feb 26 14:46:41 2025 ------##",NA,"Add Product 2 to Cart","requestTrace","teastore-private-nlb-withfailures-lowreplication","100"
"20250212_083115_100req_5_browse_run",40.4607142857143,33,75,19.8642857142857,13,40,7688.72928571429,7019,11835,978.576428571429,1243,1246,0.724,NA,7000,"##------ Wed Feb 26 14:46:41 2025 ------##",NA,"Add Product to Cart","requestTrace","teastore-private-nlb-withfailures-lowreplication","100"
"20250212_083115_100req_5_browse_run",58.7087142857143,51,102,58.2134285714286,50,101,6410.41371428571,5604,9118,211.2,210,210,0.709714285714286,NA,7000,"##------ Wed Feb 26 14:46:41 2025 ------##",NA,"Home","requestTrace","teastore-private-nlb-withfailures-lowreplication","100"
"20250212_083115_100req_5_browse_run",42.446,34,77,39.0814285714286,32,70,45655.0655714286,19593,113000,290.649857142857,300,300,0.760571428571429,NA,7000,"##------ Wed Feb 26 14:46:41 2025 ------##",NA,"List Products","requestTrace","teastore-private-nlb-withfailures-lowreplication","100"
"20250212_083115_100req_5_browse_run",41.754953497776,34,77.8000000000002,38.0651031136272,33,68,44665.061059442,20042,112523,716.402749696725,873,875,0.790537808329964,NA,2473,"##------ Wed Feb 26 14:46:41 2025 ------##",NA,"List Products with different page","requestTrace","teastore-private-nlb-withfailures-lowreplication","100"
"20250212_083115_100req_5_browse_run",37.3381428571429,26,64,23.6842857142857,14,41,7068.17242857143,5898,10710,563.490285714286,620,620,0.781285714285714,NA,7000,"##------ Wed Feb 26 14:46:41 2025 ------##",NA,"Login","requestTrace","teastore-private-nlb-withfailures-lowreplication","100"
"20250212_083115_100req_5_browse_run",37.2544285714286,28,68,36.6264285714286,28,66,20154.502,5604,54588.3,276.968285714286,287,288,0.747285714285714,NA,7000,"##------ Wed Feb 26 14:46:41 2025 ------##",NA,"Look at Product","requestTrace","teastore-private-nlb-withfailures-lowreplication","100"
"20250212_083115_150req_1_browse_run",42.9221088435374,30,74,33.004119425548,23,60,20185.8971844293,7014,69534,706.612414965986,619,1674,0.758314436885865,306.801,52920,"##------ Wed Feb 26 14:46:42 2025 ------##",172.489659420928,"Overall","system","teastore-private-nlb-withfailures-lowreplication","150"
"20250212_083115_150req_1_browse_run",41.3365714285714,33,74,20.3645714285714,14,40,8288.76228571429,7695,12502,1468.12157142857,1816,1939,0.726857142857143,NA,7000,"##------ Wed Feb 26 14:46:42 2025 ------##",NA,"Add Product 2 to Cart","requestTrace","teastore-private-nlb-withfailures-lowreplication","150"
"20250212_083115_150req_1_browse_run",38.695,32,66,17.9571428571429,12,35,8202.21028571429,7023,11835,1026.52671428571,1243,1246,0.774285714285714,NA,7000,"##------ Wed Feb 26 14:46:42 2025 ------##",NA,"Add Product to Cart","requestTrace","teastore-private-nlb-withfailures-lowreplication","150"
"20250212_083115_150req_1_browse_run",72.465239912759,39,140,67.4727371864776,39,140,5423.96810250818,4306,9118,214.837786259542,210,210,0.702971646673937,NA,7336,"##------ Wed Feb 26 14:46:42 2025 ------##",NA,"Home","requestTrace","teastore-private-nlb-withfailures-lowreplication","150"
"20250212_083115_150req_1_browse_run",43.9722857142857,33,78,39.9348571428571,30,68,47658.106,19593,113000,294.261714285714,300,300,0.766142857142857,NA,7000,"##------ Wed Feb 26 14:46:42 2025 ------##",NA,"List Products","requestTrace","teastore-private-nlb-withfailures-lowreplication","150"
"20250212_083115_150req_1_browse_run",46.2188571428571,33,84,42.3191428571429,31,75,51698.9338571429,20042,122178,716.673285714286,873,875,0.768857142857143,NA,7000,"##------ Wed Feb 26 14:46:42 2025 ------##",NA,"List Products with different page","requestTrace","teastore-private-nlb-withfailures-lowreplication","150"
"20250212_083115_150req_1_browse_run",31.0489599547191,22,56,18.2889486344984,11,34,7102.11758879298,5898,10710,574.485354464412,620,620,0.801896136974671,NA,7067,"##------ Wed Feb 26 14:46:42 2025 ------##",NA,"Login","requestTrace","teastore-private-nlb-withfailures-lowreplication","150"
"20250212_083115_150req_1_browse_run",29.9201023599659,23,55.4000000000001,16.6303667898777,10,35,7334.97583167472,6085,10897,1490.80153539949,1673,1793,0.793289735570088,NA,3517,"##------ Wed Feb 26 14:46:42 2025 ------##",NA,"Logout","requestTrace","teastore-private-nlb-withfailures-lowreplication","150"
"20250212_083115_150req_1_browse_run",31.946,26,54,31.4044285714286,25,53,20217.6552857143,5820,53207.6,282.251285714286,287,288,0.751857142857143,NA,7000,"##------ Wed Feb 26 14:46:42 2025 ------##",NA,"Look at Product","requestTrace","teastore-private-nlb-withfailures-lowreplication","150"
"20250212_083115_150req_2_browse_run",39.2226528528756,31,73,30.3719136385979,23,60,18510.314950656,7007,50967,705.714599009339,619,1675,0.756588648996105,306.551,52894,"##------ Wed Feb 26 14:46:42 2025 ------##",172.545514449472,"Overall","system","teastore-private-nlb-withfailures-lowreplication","150"
"20250212_083115_150req_2_browse_run",40.7011428571429,34,73,19.2577142857143,14,38,8084.87857142857,7690,12190.1,1475.07342857143,1816,1939,0.742142857142857,NA,7000,"##------ Wed Feb 26 14:46:43 2025 ------##",NA,"Add Product 2 to Cart","requestTrace","teastore-private-nlb-withfailures-lowreplication","150"
"20250212_083115_150req_2_browse_run",37.4695714285714,33,65,18.144,13,36,7873.42785714286,7018,11831,1021.658,1243,1246,0.762857142857143,NA,7000,"##------ Wed Feb 26 14:46:43 2025 ------##",NA,"Add Product to Cart","requestTrace","teastore-private-nlb-withfailures-lowreplication","150"
"20250212_083115_150req_2_browse_run",54.5703521030278,46,104,54.3300452116728,46,104,5373.01767365393,4306,9118,210.086313193588,210,210,0.688724482805864,NA,7299,"##------ Wed Feb 26 14:46:43 2025 ------##",NA,"Home","requestTrace","teastore-private-nlb-withfailures-lowreplication","150"
"20250212_083115_150req_2_browse_run",41.4897142857143,32,78,37.7424285714286,31,66,42271.4367142857,19593,112666,293.764571428571,300,300,0.776285714285714,NA,7000,"##------ Wed Feb 26 14:46:43 2025 ------##",NA,"List Products","requestTrace","teastore-private-nlb-withfailures-lowreplication","150"
"20250212_083115_150req_2_browse_run",41.8117142857143,34,74,38.811,32,66,45419.2642857143,19976,112409.4,714.849285714286,873,875,0.769714285714286,NA,7000,"##------ Wed Feb 26 14:46:43 2025 ------##",NA,"List Products with different page","requestTrace","teastore-private-nlb-withfailures-lowreplication","150"
"20250212_083115_150req_2_browse_run",30.6943100995733,22,57,18.3786628733997,11,35,7002.46301564723,5898,10710,570.088051209104,620,620,0.788762446657184,NA,7030,"##------ Wed Feb 26 14:46:43 2025 ------##",NA,"Login","requestTrace","teastore-private-nlb-withfailures-lowreplication","150"
"20250212_083115_150req_2_browse_run",28.5021037868163,22,54,16.4081346423562,10,36,6823.21318373072,6085,10897,1480.78148667602,1673,1793,0.773632538569425,NA,3565,"##------ Wed Feb 26 14:46:43 2025 ------##",NA,"Logout","requestTrace","teastore-private-nlb-withfailures-lowreplication","150"
"20250212_083115_150req_2_browse_run",32.6625714285714,26,56,32.0791428571429,26,55,20110.2601428571,5820,52481.3,281.503714285714,287,288,0.761714285714286,NA,7000,"##------ Wed Feb 26 14:46:43 2025 ------##",NA,"Look at Product","requestTrace","teastore-private-nlb-withfailures-lowreplication","150"
"20250212_083115_150req_3_browse_run",44.4136477880454,33,81,34.2203450686925,24,67,18996.7655762798,7016,51941,717.207683731126,619,1675,0.768278625016535,306.863,52917,"##------ Wed Feb 26 14:46:43 2025 ------##",172.445032473775,"Overall","system","teastore-private-nlb-withfailures-lowreplication","150"
"20250212_083115_150req_3_browse_run",45.369,34,84,21.9954285714286,14,44,7930.43585714286,7684,12166,1498.83757142857,1816,1939,0.751142857142857,NA,7000,"##------ Wed Feb 26 14:46:43 2025 ------##",NA,"Add Product 2 to Cart","requestTrace","teastore-private-nlb-withfailures-lowreplication","150"
"20250212_083115_150req_3_browse_run",42.0711428571429,34,77,19.1778571428571,13,38,8115.26042857143,7021,11833,1041.883,1243,1246,0.792,NA,7000,"##------ Wed Feb 26 14:46:43 2025 ------##",NA,"Add Product to Cart","requestTrace","teastore-private-nlb-withfailures-lowreplication","150"
"20250212_083115_150req_3_browse_run",65.0264846416382,49,131,63.6217064846416,49,128,5707.10989761092,5604,9118,213.411604095563,210,210,0.702525597269625,NA,7325,"##------ Wed Feb 26 14:46:43 2025 ------##",NA,"Home","requestTrace","teastore-private-nlb-withfailures-lowreplication","150"
"20250212_083115_150req_3_browse_run",45.721,34,81,42.2704285714286,32,73,45290.0375714286,19593,113000,295.547714285714,300,300,0.757571428571429,NA,7000,"##------ Wed Feb 26 14:46:43 2025 ------##",NA,"List Products","requestTrace","teastore-private-nlb-withfailures-lowreplication","150"
"20250212_083115_150req_3_browse_run",45.9341428571429,34,82,42.6668571428571,32,75,46172.3972857143,20028,112190,727.575285714286,873,875,0.765142857142857,NA,7000,"##------ Wed Feb 26 14:46:43 2025 ------##",NA,"List Products with different page","requestTrace","teastore-private-nlb-withfailures-lowreplication","150"
"20250212_083115_150req_3_browse_run",34.016512455516,25,58,19.491103202847,12,35,7440.90192170819,5898,10710,578.863772241993,620,620,0.822633451957295,NA,7025,"##------ Wed Feb 26 14:46:43 2025 ------##",NA,"Login","requestTrace","teastore-private-nlb-withfailures-lowreplication","150"
"20250212_083115_150req_3_browse_run",30.582842724979,24,56,17.2217549761705,11,35,7217.71096159237,6085,10897,1507.77375946173,1673,1793,0.8017942248388,NA,3567,"##------ Wed Feb 26 14:46:43 2025 ------##",NA,"Logout","requestTrace","teastore-private-nlb-withfailures-lowreplication","150"
"20250212_083115_150req_3_browse_run",38.8851428571429,29,65,37.6685714285714,28,64,18981.7764285714,5604,52427,285.369571428571,287,288,0.772714285714286,NA,7000,"##------ Wed Feb 26 14:46:43 2025 ------##",NA,"Look at Product","requestTrace","teastore-private-nlb-withfailures-lowreplication","150"
"20250212_083115_150req_4_browse_run",45.252493388742,35,86,35.2508311295807,26,72,18288.2692293162,7007,50078,711.454382319607,619,1675,0.75970910464677,306.847,52940,"##------ Wed Feb 26 14:46:44 2025 ------##",172.528980240967,"Overall","system","teastore-private-nlb-withfailures-lowreplication","150"
"20250212_083115_150req_4_browse_run",44.0035714285714,35,83,21.1554285714286,14,41,7930.08814285714,7415.5,11852,1487.96157142857,1816,1939,0.745857142857143,NA,7000,"##------ Wed Feb 26 14:46:44 2025 ------##",NA,"Add Product 2 to Cart","requestTrace","teastore-private-nlb-withfailures-lowreplication","150"
"20250212_083115_150req_4_browse_run",42.9604285714286,35,78,20.585,14,39,8025.852,7021,11833,1031.543,1243,1246,0.775285714285714,NA,7000,"##------ Wed Feb 26 14:46:44 2025 ------##",NA,"Add Product to Cart","requestTrace","teastore-private-nlb-withfailures-lowreplication","150"
"20250212_083115_150req_4_browse_run",70.3603394005748,62,126,69.6894758450801,62,125,5265.15697276584,4306,9118,211.436978240044,210,210,0.678938004653072,NA,7307,"##------ Wed Feb 26 14:46:44 2025 ------##",NA,"Home","requestTrace","teastore-private-nlb-withfailures-lowreplication","150"
"20250212_083115_150req_4_browse_run",45.8848571428571,36,82,41.9171428571429,34,72,43658.8532857143,19593,113000,296.105142857143,300,300,0.772857142857143,NA,7000,"##------ Wed Feb 26 14:46:44 2025 ------##",NA,"List Products","requestTrace","teastore-private-nlb-withfailures-lowreplication","150"
"20250212_083115_150req_4_browse_run",47.788,36,87,43.5247142857143,34,78,42779.1768571429,19976,110746,722.928142857143,873,875,0.772714285714286,NA,7000,"##------ Wed Feb 26 14:46:44 2025 ------##",NA,"List Products with different page","requestTrace","teastore-private-nlb-withfailures-lowreplication","150"
"20250212_083115_150req_4_browse_run",35.2606420591147,26,62,21.1390185263753,14,40,7102.05119502192,5898,10710,574.338000282845,620,620,0.80045255267996,NA,7071,"##------ Wed Feb 26 14:46:44 2025 ------##",NA,"Login","requestTrace","teastore-private-nlb-withfailures-lowreplication","150"
"20250212_083115_150req_4_browse_run",31.8194834362718,24,61,18.5875912408759,11,38,6934.67012914093,6085,10897,1494.41072431218,1673,1793,0.784110050533408,NA,3562,"##------ Wed Feb 26 14:46:44 2025 ------##",NA,"Logout","requestTrace","teastore-private-nlb-withfailures-lowreplication","150"
"20250212_083115_150req_4_browse_run",36.3452857142857,28,64,35.857,28,64,19718.6828571429,5820,52502,280.775,287,288,0.762571428571429,NA,7000,"##------ Wed Feb 26 14:46:44 2025 ------##",NA,"Look at Product","requestTrace","teastore-private-nlb-withfailures-lowreplication","150"
"20250212_083115_150req_5_browse_run",38.2526540078819,31,69,29.315218826014,23,57,18818.1880715781,7014,51539,707.195802613467,619,1674,0.76133728056116,307.445,53033,"##------ Wed Feb 26 14:46:45 2025 ------##",172.49589357446,"Overall","system","teastore-private-nlb-withfailures-lowreplication","150"
"20250212_083115_150req_5_browse_run",40.3782857142857,34,74,19.2994285714286,14,37.1000000000004,8055.66585714286,7682,12191.1,1469.61442857143,1816,1939,0.740571428571429,NA,7000,"##------ Wed Feb 26 14:46:45 2025 ------##",NA,"Add Product 2 to Cart","requestTrace","teastore-private-nlb-withfailures-lowreplication","150"
"20250212_083115_150req_5_browse_run",38.5147142857143,33,69,18.5585714285714,13,37,7940.31271428571,7021,11831,1019.89014285714,1243,1246,0.763571428571429,NA,7000,"##------ Wed Feb 26 14:46:45 2025 ------##",NA,"Add Product to Cart","requestTrace","teastore-private-nlb-withfailures-lowreplication","150"
"20250212_083115_150req_5_browse_run",43.0020424836601,35,77.6999999999998,42.6881808278867,35,77,5737.26797385621,5604,9118,210.772058823529,210,210,0.70874183006536,NA,7344,"##------ Wed Feb 26 14:46:45 2025 ------##",NA,"Home","requestTrace","teastore-private-nlb-withfailures-lowreplication","150"
"20250212_083115_150req_5_browse_run",40.5572857142857,33,73,36.943,31,65,45114.789,19593,113000,294.481,300,300,0.772714285714286,NA,7000,"##------ Wed Feb 26 14:46:45 2025 ------##",NA,"List Products","requestTrace","teastore-private-nlb-withfailures-lowreplication","150"
"20250212_083115_150req_5_browse_run",45.0537142857143,35,82,41.5544285714286,33,75,45136.0897142857,19976,112523,715.706571428571,873,875,0.772857142857143,NA,7000,"##------ Wed Feb 26 14:46:45 2025 ------##",NA,"List Products with different page","requestTrace","teastore-private-nlb-withfailures-lowreplication","150"
"20250212_083115_150req_5_browse_run",29.2273690156758,23,51,17.2077390199124,12,33,7156.41378336393,5898,10710,576.299392741138,620,620,0.798898460669397,NA,7081,"##------ Wed Feb 26 14:46:45 2025 ------##",NA,"Login","requestTrace","teastore-private-nlb-withfailures-lowreplication","150"
"20250212_083115_150req_5_browse_run",29.079822616408,22,55,16.4320953436807,10,35,7180.6183481153,6085,10897,1498.95038802661,1673,1793,0.789079822616408,NA,3608,"##------ Wed Feb 26 14:46:45 2025 ------##",NA,"Logout","requestTrace","teastore-private-nlb-withfailures-lowreplication","150"
"20250212_083115_150req_5_browse_run",35.6341428571429,28,62,35.0784285714286,28,61,19362.8905714286,5820,52479,281.424428571429,287,288,0.759857142857143,NA,7000,"##------ Wed Feb 26 14:46:45 2025 ------##",NA,"Look at Product","requestTrace","teastore-private-nlb-withfailures-lowreplication","150"
"20250212_083115_200req_1_browse_run",37.1833081891817,29,68,28.1035841401432,21,54,17048.5261230648,6085,24993.6,688.00366176966,393,1679,0.793241837915428,307.551,68273,"##------ Wed Feb 26 14:46:46 2025 ------##",221.989198539429,"Overall","system","teastore-private-nlb-withfailures-lowreplication","200"
"20250212_083115_200req_1_browse_run",41.4674285714286,34,76,18.6522857142857,13,38,8337.04114285714,7703,12513,1510.66585714286,1824,1939,0.754,NA,7000,"##------ Wed Feb 26 14:46:46 2025 ------##",NA,"Add Product 2 to Cart","requestTrace","teastore-private-nlb-withfailures-lowreplication","200"
"20250212_083115_200req_1_browse_run",41.5695316961736,35,73,19.0099942889777,14,36,8090.50813820674,7025,11836,1018.20488292404,1243,1246,0.766704740148487,NA,7004,"##------ Wed Feb 26 14:46:46 2025 ------##",NA,"Add Product to Cart","requestTrace","teastore-private-nlb-withfailures-lowreplication","200"
"20250212_083115_200req_1_browse_run",36.8125714285714,27,73,36.7357857142857,27,73,5825.69042857143,4306,9118,210.21,210,210,0.854214285714286,NA,14000,"##------ Wed Feb 26 14:46:46 2025 ------##",NA,"Home","requestTrace","teastore-private-nlb-withfailures-lowreplication","200"
"20250212_083115_200req_1_browse_run",38.6827202963747,32,67,36.1235776660492,29,62,43875.9797565493,19695,113000,298.304181000265,300,300,0.795448531357502,NA,7558,"##------ Wed Feb 26 14:46:46 2025 ------##",NA,"List Products","requestTrace","teastore-private-nlb-withfailures-lowreplication","200"
"20250212_083115_200req_1_browse_run",43.5012857142857,35,78,39.8867142857143,33,68,47973.9474285714,20082,122890,718.084857142857,873,875,0.766571428571429,NA,7000,"##------ Wed Feb 26 14:46:46 2025 ------##",NA,"List Products with different page","requestTrace","teastore-private-nlb-withfailures-lowreplication","200"
"20250212_083115_200req_1_browse_run",33.1770554162704,25,60,19.228667761736,13,36,7120.69992219244,5898,10710,571.810236016253,620,620,0.803233336215095,NA,11567,"##------ Wed Feb 26 14:46:46 2025 ------##",NA,"Login","requestTrace","teastore-private-nlb-withfailures-lowreplication","200"
"20250212_083115_200req_1_browse_run",29.0358571428571,22,58,16.1945714285714,10,35,7139.83385714286,6085,10897,1483.92414285714,1675,1793,0.787,NA,7000,"##------ Wed Feb 26 14:46:46 2025 ------##",NA,"Logout","requestTrace","teastore-private-nlb-withfailures-lowreplication","200"
"20250212_083115_200req_1_browse_run",36.1047032474804,29,63,35.3715005599104,29,62,23459.2512597984,5820,55654,285.581047032475,287,288,0.751959686450168,NA,7144,"##------ Wed Feb 26 14:46:46 2025 ------##",NA,"Look at Product","requestTrace","teastore-private-nlb-withfailures-lowreplication","200"
"20250212_083115_200req_2_browse_run",41.242149122807,33,76,31.3817105263158,25,61,17245.1925292398,7007,45284,687.059035087719,393,1680,0.790833333333333,307.813,68400,"##------ Wed Feb 26 14:46:47 2025 ------##",222.212837014681,"Overall","system","teastore-private-nlb-withfailures-lowreplication","200"
"20250212_083115_200req_2_browse_run",46.8871428571429,40,85,22.3157142857143,17,42,8352.314,7704,12513,1501.685,1824,1939,0.751571428571429,NA,7000,"##------ Wed Feb 26 14:46:47 2025 ------##",NA,"Add Product 2 to Cart","requestTrace","teastore-private-nlb-withfailures-lowreplication","200"
"20250212_083115_200req_2_browse_run",44.5647142857143,38,79,22.302,16,44,8053.508,7024,11836,1015.35342857143,1243,1246,0.758,NA,7000,"##------ Wed Feb 26 14:46:47 2025 ------##",NA,"Add Product to Cart","requestTrace","teastore-private-nlb-withfailures-lowreplication","200"
"20250212_083115_200req_2_browse_run",39.1365714285714,31,76,38.9802857142857,31,76,5937.65242857143,4306,9118,210.27,210,210,0.828,NA,14000,"##------ Wed Feb 26 14:46:47 2025 ------##",NA,"Home","requestTrace","teastore-private-nlb-withfailures-lowreplication","200"
"20250212_083115_200req_2_browse_run",46.1336757539839,37,83,41.9179507441064,35,72,45131.3341235348,19695,123944,300.03977347557,300,300,0.783353088370868,NA,7593,"##------ Wed Feb 26 14:46:47 2025 ------##",NA,"List Products","requestTrace","teastore-private-nlb-withfailures-lowreplication","200"
"20250212_083115_200req_2_browse_run",51.0222857142857,42,93,45.7728571428571,39,80,49237.3971428571,20090,122178,714.347142857143,873,875,0.781285714285714,NA,7000,"##------ Wed Feb 26 14:46:47 2025 ------##",NA,"List Products with different page","requestTrace","teastore-private-nlb-withfailures-lowreplication","200"
"20250212_083115_200req_2_browse_run",35.9326997174416,28,64,21.0544567171847,14,40,7262.76744584297,5898,10710,573.628564089391,620,620,0.808630875931158,NA,11679,"##------ Wed Feb 26 14:46:47 2025 ------##",NA,"Login","requestTrace","teastore-private-nlb-withfailures-lowreplication","200"
"20250212_083115_200req_2_browse_run",32.5524285714286,25,62,18.6668571428571,12,38,7322.912,6085,10897,1486.77885714286,1675,1793,0.805142857142857,NA,7000,"##------ Wed Feb 26 14:46:47 2025 ------##",NA,"Logout","requestTrace","teastore-private-nlb-withfailures-lowreplication","200"
"20250212_083115_200req_2_browse_run",38.9890572390572,32,69,38.3284231200898,31,68,22190.9421997755,5604,53556,287.078703703704,287,288,0.762766554433221,NA,7128,"##------ Wed Feb 26 14:46:47 2025 ------##",NA,"Look at Product","requestTrace","teastore-private-nlb-withfailures-lowreplication","200"
"20250212_083115_200req_3_browse_run",43.230964169572,33,84,32.9702487328978,24,67,17427.2003779334,6690,50078,689.155465385404,393,1681,0.789514546040489,307.242,68266,"##------ Wed Feb 26 14:46:48 2025 ------##",222.189674588761,"Overall","system","teastore-private-nlb-withfailures-lowreplication","200"
"20250212_083115_200req_3_browse_run",46.4317142857143,38,87,21.3894285714286,15,42,8212.57257142857,7701,12504,1510.72042857143,1824,1939,0.764,NA,7000,"##------ Wed Feb 26 14:46:48 2025 ------##",NA,"Add Product 2 to Cart","requestTrace","teastore-private-nlb-withfailures-lowreplication","200"
"20250212_083115_200req_3_browse_run",43.1397142857143,35,82,20.5271428571429,14,41,7977.81128571429,7023,11834,1015.96828571429,1243,1246,0.763428571428571,NA,7000,"##------ Wed Feb 26 14:46:48 2025 ------##",NA,"Add Product to Cart","requestTrace","teastore-private-nlb-withfailures-lowreplication","200"
"20250212_083115_200req_3_browse_run",48.096,35,101,47.7829285714286,35,100,5769.32342857143,4306,9118,210.36,210,210,0.811571428571429,NA,14000,"##------ Wed Feb 26 14:46:48 2025 ------##",NA,"Home","requestTrace","teastore-private-nlb-withfailures-lowreplication","200"
"20250212_083115_200req_3_browse_run",48.0420145791915,38,91,43.7134526176276,35,79,43581.0454605699,19593,113000,300.432736911862,300,300,0.784493041749503,NA,7545,"##------ Wed Feb 26 14:46:48 2025 ------##",NA,"List Products","requestTrace","teastore-private-nlb-withfailures-lowreplication","200"
"20250212_083115_200req_3_browse_run",48.4694285714286,38,94,44.2404285714286,35,82,51521.2548571429,20111,121878.3,716.190714285714,873,875,0.781142857142857,NA,7000,"##------ Wed Feb 26 14:46:48 2025 ------##",NA,"List Products with different page","requestTrace","teastore-private-nlb-withfailures-lowreplication","200"
"20250212_083115_200req_3_browse_run",38.5771255934398,28,70.6000000000004,21.7702201122141,14,42,7177.45567544238,5898,10710,575.17453603798,620,620,0.803193785066897,NA,11585,"##------ Wed Feb 26 14:46:48 2025 ------##",NA,"Login","requestTrace","teastore-private-nlb-withfailures-lowreplication","200"
"20250212_083115_200req_3_browse_run",32.685,25,61,18.303,12,36,7331.91057142857,6085,10897,1487.538,1675,1793,0.801285714285714,NA,7000,"##------ Wed Feb 26 14:46:48 2025 ------##",NA,"Logout","requestTrace","teastore-private-nlb-withfailures-lowreplication","200"
"20250212_083115_200req_3_browse_run",38.3109585201794,30,68,37.6317264573991,30,67,24052.7012331839,5820,54551,288.363649103139,287,288,0.776625560538117,NA,7136,"##------ Wed Feb 26 14:46:48 2025 ------##",NA,"Look at Product","requestTrace","teastore-private-nlb-withfailures-lowreplication","200"
"20250212_083115_200req_4_browse_run",41.8154816799145,33,79,32.1164200079048,24,64,16509.451553877,6085,24380,689.655468212492,393,1681,0.785472750428176,307.367,68313,"##------ Wed Feb 26 14:46:48 2025 ------##",222.252226166114,"Overall","system","teastore-private-nlb-withfailures-lowreplication","200"
"20250212_083115_200req_4_browse_run",44.1514285714286,37.5,79.1000000000004,20.4297142857143,15,40,8152.46357142857,7698,12502,1507.95928571429,1824,1939,0.751,NA,7000,"##------ Wed Feb 26 14:46:49 2025 ------##",NA,"Add Product 2 to Cart","requestTrace","teastore-private-nlb-withfailures-lowreplication","200"
"20250212_083115_200req_4_browse_run",43.9445714285714,36,79,21.697,15,41,7936.721,7023,11830,1014.58042857143,1243,1246,0.763571428571429,NA,7000,"##------ Wed Feb 26 14:46:49 2025 ------##",NA,"Add Product to Cart","requestTrace","teastore-private-nlb-withfailures-lowreplication","200"
"20250212_083115_200req_4_browse_run",41.3317857142857,31,86,41.1786428571429,31,86,5642.21285714286,4306,9118,210.27,210,210,0.775928571428571,NA,14000,"##------ Wed Feb 26 14:46:49 2025 ------##",NA,"Home","requestTrace","teastore-private-nlb-withfailures-lowreplication","200"
"20250212_083115_200req_4_browse_run",46.860971079862,38,84,43.1711329265057,35,74,43535.3018041921,19593,113000,301.973069779782,300,300,0.782966304059432,NA,7538,"##------ Wed Feb 26 14:46:49 2025 ------##",NA,"List Products","requestTrace","teastore-private-nlb-withfailures-lowreplication","200"
"20250212_083115_200req_4_browse_run",52.1792857142857,39,103,48.3481428571429,37,92,43365.2497142857,20028,113000,716.512142857143,873,875,0.795857142857143,NA,7000,"##------ Wed Feb 26 14:46:49 2025 ------##",NA,"List Products with different page","requestTrace","teastore-private-nlb-withfailures-lowreplication","200"
"20250212_083115_200req_4_browse_run",36.4882282179069,28,68,21.5025777625021,14,41,7144.98608008249,5898,10710,573.426533768689,620,620,0.803918199003265,NA,11638,"##------ Wed Feb 26 14:46:49 2025 ------##",NA,"Login","requestTrace","teastore-private-nlb-withfailures-lowreplication","200"
"20250212_083115_200req_4_browse_run",33.0314285714286,26,64,18.0528571428571,12,38,7138.99657142857,6085,10897,1498.51057142857,1675,1793,0.816142857142857,NA,7000,"##------ Wed Feb 26 14:46:49 2025 ------##",NA,"Logout","requestTrace","teastore-private-nlb-withfailures-lowreplication","200"
"20250212_083115_200req_4_browse_run",40.1934986689085,30,69,39.5268320022418,29,67,24007.6663864369,5811,54587,288.063051702396,287,288,0.791789267199103,NA,7137,"##------ Wed Feb 26 14:46:49 2025 ------##",NA,"Look at Product","requestTrace","teastore-private-nlb-withfailures-lowreplication","200"
"20250212_083115_200req_5_browse_run",41.5000878348704,33,78,31.7277119016249,24,64,16624.8697408871,6085,24813.2,688.06638852291,393,1679,0.776430976430976,307.327,68310,"##------ Wed Feb 26 14:46:49 2025 ------##",222.271391709807,"Overall","system","teastore-private-nlb-withfailures-lowreplication","200"
"20250212_083115_200req_5_browse_run",46.5025714285714,39,85,22.066,16,44,8166.73414285714,7698,12500,1504.85957142857,1824,1939,0.751142857142857,NA,7000,"##------ Wed Feb 26 14:46:49 2025 ------##",NA,"Add Product 2 to Cart","requestTrace","teastore-private-nlb-withfailures-lowreplication","200"
"20250212_083115_200req_5_browse_run",41.8384933656727,35,76,20.3827935511485,14,39,7853.21672135825,7019,11826,1012.73633899272,1243,1246,0.760022827792838,NA,7009,"##------ Wed Feb 26 14:46:49 2025 ------##",NA,"Add Product to Cart","requestTrace","teastore-private-nlb-withfailures-lowreplication","200"
"20250212_083115_200req_5_browse_run",43.139,33,90,42.9996428571429,33,90,5679.635,4306,9118,210.165,210,210,0.751214285714286,NA,14000,"##------ Wed Feb 26 14:46:49 2025 ------##",NA,"Home","requestTrace","teastore-private-nlb-withfailures-lowreplication","200"
"20250212_083115_200req_5_browse_run",43.8465412138882,36,80,40.1861913596607,34,70,42647.2941956003,19593,113000,299.950702358866,300,300,0.769679300291545,NA,7546,"##------ Wed Feb 26 14:46:49 2025 ------##",NA,"List Products","requestTrace","teastore-private-nlb-withfailures-lowreplication","200"
"20250212_083115_200req_5_browse_run",49.1705714285714,40,89,45.4155714285714,37,79,45745.5421428571,20040,112523,711.972571428571,873,875,0.797428571428571,NA,7000,"##------ Wed Feb 26 14:46:49 2025 ------##",NA,"List Products with different page","requestTrace","teastore-private-nlb-withfailures-lowreplication","200"
"20250212_083115_200req_5_browse_run",35.0713303540736,27,66,20.3497765555174,13,40,7235.54881402544,5898,10710,572.037383980749,620,620,0.800275008594019,NA,11636,"##------ Wed Feb 26 14:46:49 2025 ------##",NA,"Login","requestTrace","teastore-private-nlb-withfailures-lowreplication","200"
"20250212_083115_200req_5_browse_run",37.4518571428571,26,68,21.068,12,42,7373.473,6085,10897,1496.45628571429,1674,1793,0.804857142857143,NA,7000,"##------ Wed Feb 26 14:46:49 2025 ------##",NA,"Logout","requestTrace","teastore-private-nlb-withfailures-lowreplication","200"
"20250212_083115_200req_5_browse_run",37.4839162803765,31,67,36.8843938755443,30,66,23328.724961371,5811,52586,287.7597977244,287,288,0.786627335299902,NA,7119,"##------ Wed Feb 26 14:46:49 2025 ------##",NA,"Look at Product","requestTrace","teastore-private-nlb-withfailures-lowreplication","200"
"20250212_103537_100req_1_browse_run",55.1081510934394,45,107,41.4826242544732,32,87,43340.5341815772,10710,113000,493.440609675282,300,1243,0.766679920477137,307.56,37725,"##------ Wed Feb 26 14:46:50 2025 ------##",122.658993367148,"Overall","system","teastore-private-nlb-withfailures-lowreplication","100"
"20250212_103537_100req_1_browse_run",53.8260869565217,46,104.1,17.3695652173913,12,36.7,19204.4347826087,26014.5,28908.7,1537.8097826087,1863,2105,0.71195652173913,NA,184,"##------ Wed Feb 26 14:46:50 2025 ------##",NA,"Add Product 2 to Cart","requestTrace","teastore-private-nlb-withfailures-lowreplication","100"
"20250212_103537_100req_1_browse_run",61.4478571428571,53,118,18.821,13,37,19984.2085714286,27869,28207,997.965714285714,1243,1246,0.705,NA,7000,"##------ Wed Feb 26 14:46:50 2025 ------##",NA,"Add Product to Cart","requestTrace","teastore-private-nlb-withfailures-lowreplication","100"
"20250212_103537_100req_1_browse_run",52.2634285714286,46,92,51.9244285714286,46,92,8500.63142857143,9118,9118,210.12,210,210,0.844857142857143,NA,7000,"##------ Wed Feb 26 14:46:50 2025 ------##",NA,"Home","requestTrace","teastore-private-nlb-withfailures-lowreplication","100"
"20250212_103537_100req_1_browse_run",51.5485714285714,42,96,43.9055714285714,36,81,84749.2611428571,98336,151567,293.195571428571,300,300,0.755714285714286,NA,7000,"##------ Wed Feb 26 14:46:50 2025 ------##",NA,"List Products","requestTrace","teastore-private-nlb-withfailures-lowreplication","100"
"20250212_103537_100req_1_browse_run",52.215663124754,40,104,43.1574183392365,34,80,88779.1023219205,104822,149995,737.158992522629,873,875,0.784336875245966,NA,2541,"##------ Wed Feb 26 14:46:50 2025 ------##",NA,"List Products with different page","requestTrace","teastore-private-nlb-withfailures-lowreplication","100"
"20250212_103537_100req_1_browse_run",31.1467142857143,24,58,18.0265714285714,13,35,9395.02685714286,10710,10710,566.552285714286,620,620,0.784285714285714,NA,7000,"##------ Wed Feb 26 14:46:50 2025 ------##",NA,"Login","requestTrace","teastore-private-nlb-withfailures-lowreplication","100"
"20250212_103537_100req_1_browse_run",80.2178571428571,69,146,74.7614285714286,65,134,78213.7772857143,99711,121108,283.447714285714,287,288,0.738571428571429,NA,7000,"##------ Wed Feb 26 14:46:50 2025 ------##",NA,"Look at Product","requestTrace","teastore-private-nlb-withfailures-lowreplication","100"
"20250212_103537_100req_2_browse_run",64.5097159543403,48,126,49.4168303689939,34,104,44043.7186089727,10710,118120,497.368330236262,300,1243,0.780886647199363,307.46,37670,"##------ Wed Feb 26 14:46:51 2025 ------##",122.520002601964,"Overall","system","teastore-private-nlb-withfailures-lowreplication","100"
"20250212_103537_100req_2_browse_run",44.2634408602151,42,82.5,15.9516129032258,10,32.5,18911.1344086021,26322.5,28912.5,1504.47311827957,1864.5,2107,0.60752688172043,NA,186,"##------ Wed Feb 26 14:46:51 2025 ------##",NA,"Add Product 2 to Cart","requestTrace","teastore-private-nlb-withfailures-lowreplication","100"
"20250212_103537_100req_2_browse_run",65.1971428571429,52,126,19.8782857142857,13,38,20376.7838571429,28179,28207,1022.23428571429,1243,1246,0.715571428571429,NA,7000,"##------ Wed Feb 26 14:46:51 2025 ------##",NA,"Add Product to Cart","requestTrace","teastore-private-nlb-withfailures-lowreplication","100"
"20250212_103537_100req_2_browse_run",89.1302857142857,61,180,88.1161428571429,61,176,8564.46114285714,9118,9118,211.2,210,210,0.877285714285714,NA,7000,"##------ Wed Feb 26 14:46:51 2025 ------##",NA,"Home","requestTrace","teastore-private-nlb-withfailures-lowreplication","100"
"20250212_103537_100req_2_browse_run",55.0397142857143,42,103,45.3248571428571,36,82,87539.1948571429,100767,151567,294.161,300,300,0.777571428571429,NA,7000,"##------ Wed Feb 26 14:46:51 2025 ------##",NA,"List Products","requestTrace","teastore-private-nlb-withfailures-lowreplication","100"
"20250212_103537_100req_2_browse_run",57.0314009661836,45,112.7,46.9444444444444,39,86,89609.1207729469,104822,150329,718.322866344605,873,875,0.783816425120773,NA,2484,"##------ Wed Feb 26 14:46:51 2025 ------##",NA,"List Products with different page","requestTrace","teastore-private-nlb-withfailures-lowreplication","100"
"20250212_103537_100req_2_browse_run",35.8108571428571,25,63,20.9385714285714,13,40,9440.48185714286,10710,10710,571.438428571429,620,620,0.801142857142857,NA,7000,"##------ Wed Feb 26 14:46:51 2025 ------##",NA,"Login","requestTrace","teastore-private-nlb-withfailures-lowreplication","100"
"20250212_103537_100req_2_browse_run",80.5622857142857,67,146,74.5928571428571,62,136.1,78796.2715714286,100049,123285,282.640428571429,287,288,0.736428571428571,NA,7000,"##------ Wed Feb 26 14:46:51 2025 ------##",NA,"Look at Product","requestTrace","teastore-private-nlb-withfailures-lowreplication","100"
"20250212_103537_100req_3_browse_run",57.6247047897041,47,110,43.113175003317,34,89,44215.7818230065,10710,113000,498.40865065676,300,1243,0.776966962982619,307.313,37685,"##------ Wed Feb 26 14:46:51 2025 ------##",122.627418950712,"Overall","system","teastore-private-nlb-withfailures-lowreplication","100"
"20250212_103537_100req_3_browse_run",55.7228915662651,50,103,18.1385542168675,13,34.5,18681.3855421687,25456,28911,1590.90963855422,1900,2106,0.650602409638554,NA,166,"##------ Wed Feb 26 14:46:51 2025 ------##",NA,"Add Product 2 to Cart","requestTrace","teastore-private-nlb-withfailures-lowreplication","100"
"20250212_103537_100req_3_browse_run",64.3562857142857,56,121,19.161,14,38,20347.697,28179,28207,1018.40342857143,1243,1246,0.712714285714286,NA,7000,"##------ Wed Feb 26 14:46:51 2025 ------##",NA,"Add Product to Cart","requestTrace","teastore-private-nlb-withfailures-lowreplication","100"
"20250212_103537_100req_3_browse_run",56.7732857142857,49,99,56.4915714285714,49,99,8462.73285714286,9118,9118,210.03,210,210,0.835857142857143,NA,7000,"##------ Wed Feb 26 14:46:51 2025 ------##",NA,"Home","requestTrace","teastore-private-nlb-withfailures-lowreplication","100"
"20250212_103537_100req_3_browse_run",53.2991428571429,44,100,45.0138571428571,38,81,87060.9385714286,98336,151901,295.058285714286,300,300,0.779285714285714,NA,7000,"##------ Wed Feb 26 14:46:51 2025 ------##",NA,"List Products","requestTrace","teastore-private-nlb-withfailures-lowreplication","100"
"20250212_103537_100req_3_browse_run",59.4882890035728,49,113,48.4831282254863,41,85,89704.090115125,105220,150329,738.098054783644,873,875,0.786026200873362,NA,2519,"##------ Wed Feb 26 14:46:51 2025 ------##",NA,"List Products with different page","requestTrace","teastore-private-nlb-withfailures-lowreplication","100"
"20250212_103537_100req_3_browse_run",33.4855714285714,25,61,19.9185714285714,13,39,9530.562,10710,10710,573.605428571429,620,620,0.812285714285714,NA,7000,"##------ Wed Feb 26 14:46:51 2025 ------##",NA,"Login","requestTrace","teastore-private-nlb-withfailures-lowreplication","100"
"20250212_103537_100req_3_browse_run",79.5837142857143,66,143,73.6407142857143,61,131,79913.216,100221,123585,282.784285714286,287,288,0.744428571428571,NA,7000,"##------ Wed Feb 26 14:46:51 2025 ------##",NA,"Look at Product","requestTrace","teastore-private-nlb-withfailures-lowreplication","100"
"20250212_103537_100req_4_browse_run",55.7505046748831,43,106,41.4753240543986,31,86,44720.9511527837,10710,114717.700000003,502.934870378241,300,1243,0.78089141521462,306.885,37648,"##------ Wed Feb 26 14:46:52 2025 ------##",122.677876077358,"Overall","system","teastore-private-nlb-withfailures-lowreplication","100"
"20250212_103537_100req_4_browse_run",43.5059523809524,40,79.2,12.1369047619048,10,22.3,19013.6547619048,25250,28907.5,1628.8630952381,1932,2108,0.738095238095238,NA,168,"##------ Wed Feb 26 14:46:52 2025 ------##",NA,"Add Product 2 to Cart","requestTrace","teastore-private-nlb-withfailures-lowreplication","100"
"20250212_103537_100req_4_browse_run",63.7474285714286,53,122,18.5662857142857,12,36,20677.6058571429,28181,28207,1032.41071428571,1243,1246,0.726714285714286,NA,7000,"##------ Wed Feb 26 14:46:52 2025 ------##",NA,"Add Product to Cart","requestTrace","teastore-private-nlb-withfailures-lowreplication","100"
"20250212_103537_100req_4_browse_run",52.3267142857143,44,96,51.5932857142857,43,95,8368.25914285714,9118,9118,211.44,210,210,0.807285714285714,NA,7000,"##------ Wed Feb 26 14:46:52 2025 ------##",NA,"Home","requestTrace","teastore-private-nlb-withfailures-lowreplication","100"
"20250212_103537_100req_4_browse_run",51.3421428571429,39,95,43.0288571428571,33,77,87408.7905714286,98336,151567,294.924,300,300,0.785714285714286,NA,7000,"##------ Wed Feb 26 14:46:52 2025 ------##",NA,"List Products","requestTrace","teastore-private-nlb-withfailures-lowreplication","100"
"20250212_103537_100req_4_browse_run",59.8254032258065,46,117,49.5903225806452,41,92.0999999999999,92905.627016129,105885,150336.8,762.400403225806,874,875,0.825403225806452,NA,2480,"##------ Wed Feb 26 14:46:52 2025 ------##",NA,"List Products with different page","requestTrace","teastore-private-nlb-withfailures-lowreplication","100"
"20250212_103537_100req_4_browse_run",31.2195714285714,23,55,18.7814285714286,12,35,9530.27171428571,10710,10710,573.574142857143,620,620,0.811,NA,7000,"##------ Wed Feb 26 14:46:52 2025 ------##",NA,"Login","requestTrace","teastore-private-nlb-withfailures-lowreplication","100"
"20250212_103537_100req_4_browse_run",78.9668571428571,63,142,73.2358571428571,58,130,81165.6612857143,100383,123585,283.378285714286,287,288,0.759,NA,7000,"##------ Wed Feb 26 14:46:52 2025 ------##",NA,"Look at Product","requestTrace","teastore-private-nlb-withfailures-lowreplication","100"
"20250212_103537_100req_5_browse_run",56.6069445551393,47,109,42.7233335990011,33,89,43846.7483329348,10710,113000,496.415159002152,300,1243,0.76623894157966,307.132,37641,"##------ Wed Feb 26 14:46:52 2025 ------##",122.556425250381,"Overall","system","teastore-private-nlb-withfailures-lowreplication","100"
"20250212_103537_100req_5_browse_run",49.7513812154696,42,99,14.817679558011,11,28,17976.6298342541,14506,28912,1543.37569060773,1881,2108,0.624309392265193,NA,181,"##------ Wed Feb 26 14:46:52 2025 ------##",NA,"Add Product 2 to Cart","requestTrace","teastore-private-nlb-withfailures-lowreplication","100"
"20250212_103537_100req_5_browse_run",62.7235714285714,57,116,18.79,14,37,20225.2392857143,28179,28207,1009.45471428571,1243,1246,0.712714285714286,NA,7000,"##------ Wed Feb 26 14:46:52 2025 ------##",NA,"Add Product to Cart","requestTrace","teastore-private-nlb-withfailures-lowreplication","100"
"20250212_103537_100req_5_browse_run",54.8635714285714,48,95,54.494,48,95,8306.26,9118,9118,210.21,210,210,0.789714285714286,NA,7000,"##------ Wed Feb 26 14:46:52 2025 ------##",NA,"Home","requestTrace","teastore-private-nlb-withfailures-lowreplication","100"
"20250212_103537_100req_5_browse_run",52.2762857142857,44,95,45.0504285714286,38,81,85811.9611428571,98336,151567,295.116142857143,300,300,0.769571428571429,NA,7000,"##------ Wed Feb 26 14:46:52 2025 ------##",NA,"List Products","requestTrace","teastore-private-nlb-withfailures-lowreplication","100"
"20250212_103537_100req_5_browse_run",54.0552845528455,47,100,45.3430894308943,40,79,90967.6670731707,105005,150329,732.95406504065,873,875,0.788617886178862,NA,2460,"##------ Wed Feb 26 14:46:52 2025 ------##",NA,"List Products with different page","requestTrace","teastore-private-nlb-withfailures-lowreplication","100"
"20250212_103537_100req_5_browse_run",31.4481428571429,23,57,18.3921428571429,12,34,9538.45428571429,10710,10710,572.926428571429,620,620,0.806571428571429,NA,7000,"##------ Wed Feb 26 14:46:52 2025 ------##",NA,"Login","requestTrace","teastore-private-nlb-withfailures-lowreplication","100"
"20250212_103537_100req_5_browse_run",82.7971428571429,75,142,76.691,69,130.1,79461.1171428571,100221,121021,284.170571428571,287,288,0.748428571428571,NA,7000,"##------ Wed Feb 26 14:46:52 2025 ------##",NA,"Look at Product","requestTrace","teastore-private-nlb-withfailures-lowreplication","100"
"20250212_103537_150req_1_browse_run",87.3237198240879,52,165,62.7361506955324,33,118,41435.9196881901,10897,113000,699.996470432797,393,1675,0.758592703044488,307.18,52981,"##------ Wed Feb 26 14:46:53 2025 ------##",172.475421576926,"Overall","system","teastore-private-nlb-withfailures-lowreplication","150"
"20250212_103537_150req_1_browse_run",90.7657142857143,64,173,25.0635714285714,17,49,20430.7948571429,28188,28896.1,1481.67842857143,1816,1939,0.692714285714286,NA,7000,"##------ Wed Feb 26 14:46:53 2025 ------##",NA,"Add Product 2 to Cart","requestTrace","teastore-private-nlb-withfailures-lowreplication","150"
"20250212_103537_150req_1_browse_run",100.824428571429,61,230,35.9515714285714,15,51,20163.7681428571,28171,28207,997.645857142857,1243,1246,0.699428571428571,NA,7000,"##------ Wed Feb 26 14:46:53 2025 ------##",NA,"Add Product to Cart","requestTrace","teastore-private-nlb-withfailures-lowreplication","150"
"20250212_103537_150req_1_browse_run",122.359302642332,66,248,122.085535276491,65,248,8473.47698174884,9118,9118,210.257423045492,210,210,0.88395532552438,NA,7342,"##------ Wed Feb 26 14:46:53 2025 ------##",NA,"Home","requestTrace","teastore-private-nlb-withfailures-lowreplication","150"
"20250212_103537_150req_1_browse_run",74.9245714285714,48,127,64.5945714285714,41,103,84608.8122857143,98336,151567,291.047142857143,300,300,0.744428571428571,NA,7000,"##------ Wed Feb 26 14:46:53 2025 ------##",NA,"List Products","requestTrace","teastore-private-nlb-withfailures-lowreplication","150"
"20250212_103537_150req_1_browse_run",79.8811428571429,47,139,71.0968571428571,41,118,86988.325,104668,149662,700.555714285714,873,875,0.757571428571429,NA,7000,"##------ Wed Feb 26 14:46:53 2025 ------##",NA,"List Products with different page","requestTrace","teastore-private-nlb-withfailures-lowreplication","150"
"20250212_103537_150req_1_browse_run",45.2242501414827,29,87,23.9729767968308,15,48,9399.79117147708,10710,10710,569.861912846633,620,620,0.795415959252971,NA,7068,"##------ Wed Feb 26 14:46:53 2025 ------##",NA,"Login","requestTrace","teastore-private-nlb-withfailures-lowreplication","150"
"20250212_103537_150req_1_browse_run",31.3657238868664,22,62,17.4600952114254,10,38,9456.84934192103,10897,10897,1476.27555306637,1673,1793,0.767852142257071,NA,3571,"##------ Wed Feb 26 14:46:53 2025 ------##",NA,"Logout","requestTrace","teastore-private-nlb-withfailures-lowreplication","150"
"20250212_103537_150req_1_browse_run",124.530428571429,79,233.1,116.962142857143,73,216.1,78222.0225714286,99332,120756.9,278.107,287,288,0.725428571428571,NA,7000,"##------ Wed Feb 26 14:46:53 2025 ------##",NA,"Look at Product","requestTrace","teastore-private-nlb-withfailures-lowreplication","150"
"20250212_103537_150req_2_browse_run",61.1162443550063,49,119.800000000003,41.2048825652363,31,87,42629.424050035,10897,113000,702.25727944372,393,1675,0.774049090187631,306.721,52923,"##------ Wed Feb 26 14:46:54 2025 ------##",172.544429628229,"Overall","system","teastore-private-nlb-withfailures-lowreplication","150"
"20250212_103537_150req_2_browse_run",71.8971428571429,62.5,137,21.3658571428571,15,42,20674.1074285714,28188,28898,1480.75871428571,1816,1939,0.704571428571429,NA,7000,"##------ Wed Feb 26 14:46:54 2025 ------##",NA,"Add Product 2 to Cart","requestTrace","teastore-private-nlb-withfailures-lowreplication","150"
"20250212_103537_150req_2_browse_run",71.9704285714286,59,141,20.3531428571429,14,39,20269.2548571429,28179,28207,1000.787,1243,1246,0.708571428571429,NA,7000,"##------ Wed Feb 26 14:46:54 2025 ------##",NA,"Add Product to Cart","requestTrace","teastore-private-nlb-withfailures-lowreplication","150"
"20250212_103537_150req_2_browse_run",51.9177016514262,46,90,51.4932441654156,46,89,8685.7737136618,9118,9118,210.601883444793,210,210,0.897502388426368,NA,7327,"##------ Wed Feb 26 14:46:54 2025 ------##",NA,"Home","requestTrace","teastore-private-nlb-withfailures-lowreplication","150"
"20250212_103537_150req_2_browse_run",59.8401428571429,49,114,49.1491428571429,41,89,88800.3807142857,105220,151901,292.085571428571,300,300,0.780714285714286,NA,7000,"##------ Wed Feb 26 14:46:54 2025 ------##",NA,"List Products","requestTrace","teastore-private-nlb-withfailures-lowreplication","150"
"20250212_103537_150req_2_browse_run",59.7462857142857,49,113,50.8172857142857,43,93,88348.4252857143,104670.5,149996,701.799,873,875,0.771571428571429,NA,7000,"##------ Wed Feb 26 14:46:54 2025 ------##",NA,"List Products with different page","requestTrace","teastore-private-nlb-withfailures-lowreplication","150"
"20250212_103537_150req_2_browse_run",33.2055476529161,25,63,19.2620199146515,13,40,9476.27965860597,10710,10710,567.214651493599,620,620,0.786628733997155,NA,7030,"##------ Wed Feb 26 14:46:54 2025 ------##",NA,"Login","requestTrace","teastore-private-nlb-withfailures-lowreplication","150"
"20250212_103537_150req_2_browse_run",31.9411104879417,26,62,17.8673583847448,11,38,9620.35137408862,10897,10897,1497.69938306225,1673,1793,0.796690970274818,NA,3566,"##------ Wed Feb 26 14:46:54 2025 ------##",NA,"Logout","requestTrace","teastore-private-nlb-withfailures-lowreplication","150"
"20250212_103537_150req_2_browse_run",94.6484285714286,81,175.1,87.4957142857143,74,162.1,80695.2497142857,99332,123585,280.879285714286,287,288,0.751428571428571,NA,7000,"##------ Wed Feb 26 14:46:54 2025 ------##",NA,"Look at Product","requestTrace","teastore-private-nlb-withfailures-lowreplication","150"
"20250212_103537_150req_3_browse_run",67.1471955552196,53,130,45.5204286038249,33,95,42026.4945574117,10897,113000,700.476283165772,393,1675,0.769691586665659,306.631,52916,"##------ Wed Feb 26 14:46:55 2025 ------##",172.57224481543,"Overall","system","teastore-private-nlb-withfailures-lowreplication","150"
"20250212_103537_150req_3_browse_run",77.6951428571429,67,149,22.6631428571429,16,42,20508.191,28188,28899,1471.68271428571,1816,1939,0.701428571428571,NA,7000,"##------ Wed Feb 26 14:46:55 2025 ------##",NA,"Add Product 2 to Cart","requestTrace","teastore-private-nlb-withfailures-lowreplication","150"
"20250212_103537_150req_3_browse_run",77.5678571428571,62,150,21.1631428571429,15,41,19875.5267142857,27881,28207,995.351571428571,1243,1246,0.684285714285714,NA,7000,"##------ Wed Feb 26 14:46:55 2025 ------##",NA,"Add Product to Cart","requestTrace","teastore-private-nlb-withfailures-lowreplication","150"
"20250212_103537_150req_3_browse_run",59.7666621234837,52,102,59.3873517786561,51,101,8680.17936486302,9118,9118,210.486574894371,210,210,0.899686520376176,NA,7337,"##------ Wed Feb 26 14:46:55 2025 ------##",NA,"Home","requestTrace","teastore-private-nlb-withfailures-lowreplication","150"
"20250212_103537_150req_3_browse_run",62.4025714285714,51,118,51.135,43,90,87624.6588571429,105220,151901,294.151571428571,300,300,0.771714285714286,NA,7000,"##------ Wed Feb 26 14:46:55 2025 ------##",NA,"List Products","requestTrace","teastore-private-nlb-withfailures-lowreplication","150"
"20250212_103537_150req_3_browse_run",67.6812857142857,56,124,57.7444285714286,48,103,86921.7185714286,104670,149996,698.001285714286,873,875,0.761142857142857,NA,7000,"##------ Wed Feb 26 14:46:55 2025 ------##",NA,"List Products with different page","requestTrace","teastore-private-nlb-withfailures-lowreplication","150"
"20250212_103537_150req_3_browse_run",38.7276071883402,27,78,21.830904202632,14,45,9561.46497806707,10710,10710,576.665345974247,620,620,0.808688269421254,NA,7067,"##------ Wed Feb 26 14:46:55 2025 ------##",NA,"Login","requestTrace","teastore-private-nlb-withfailures-lowreplication","150"
"20250212_103537_150req_3_browse_run",34.8955011389522,28,62,19.6546127562642,14,39,9618.81976082005,10897,10897,1495.6013667426,1673,1793,0.796697038724374,NA,3512,"##------ Wed Feb 26 14:46:55 2025 ------##",NA,"Logout","requestTrace","teastore-private-nlb-withfailures-lowreplication","150"
"20250212_103537_150req_3_browse_run",102.997714285714,85,176,97.2554285714286,79,165,79189.2394285714,99332,121021,282.843857142857,287,288,0.740714285714286,NA,7000,"##------ Wed Feb 26 14:46:55 2025 ------##",NA,"Look at Product","requestTrace","teastore-private-nlb-withfailures-lowreplication","150"
"20250212_103537_150req_4_browse_run",63.5357297776437,50,126,42.3596552439507,31,92,41498.9075118345,10897,113000,706.072402542293,420,1675,0.760839635629821,307.37,53023,"##------ Wed Feb 26 14:46:55 2025 ------##",172.505449458308,"Overall","system","teastore-private-nlb-withfailures-lowreplication","150"
"20250212_103537_150req_4_browse_run",71.1545714285714,60,140,20.3035714285714,16,38,20655.2497142857,28188,28897,1473.326,1816,1939,0.705714285714286,NA,7000,"##------ Wed Feb 26 14:46:56 2025 ------##",NA,"Add Product 2 to Cart","requestTrace","teastore-private-nlb-withfailures-lowreplication","150"
"20250212_103537_150req_4_browse_run",82.9664285714286,63,151,22.8352857142857,15,43,20056.369,28179,28207,1003.74428571429,1243,1246,0.689714285714286,NA,7000,"##------ Wed Feb 26 14:46:56 2025 ------##",NA,"Add Product to Cart","requestTrace","teastore-private-nlb-withfailures-lowreplication","150"
"20250212_103537_150req_4_browse_run",60.8277138157895,50,113,60.4111842105263,50,112,8586.33278508772,9118,9118,210.460526315789,210,210,0.868009868421053,NA,7296,"##------ Wed Feb 26 14:46:56 2025 ------##",NA,"Home","requestTrace","teastore-private-nlb-withfailures-lowreplication","150"
"20250212_103537_150req_4_browse_run",58.1971428571429,46,110.1,48.1642857142857,40,88.1000000000004,85570.3207142857,105220,151567,295.032,300,300,0.753857142857143,NA,7000,"##------ Wed Feb 26 14:46:56 2025 ------##",NA,"List Products","requestTrace","teastore-private-nlb-withfailures-lowreplication","150"
"20250212_103537_150req_4_browse_run",61.4481428571429,49,118,52.8355714285714,42,100,85263.6948571429,104488,149169,709.331,873,875,0.752,NA,7000,"##------ Wed Feb 26 14:46:56 2025 ------##",NA,"List Products with different page","requestTrace","teastore-private-nlb-withfailures-lowreplication","150"
"20250212_103537_150req_4_browse_run",38.2285349957495,26,74,21.4851232643808,14,44,9479.16619438935,10710,10710,572.837206007368,620,620,0.794842731652026,NA,7058,"##------ Wed Feb 26 14:46:56 2025 ------##",NA,"Login","requestTrace","teastore-private-nlb-withfailures-lowreplication","150"
"20250212_103537_150req_4_browse_run",31.8034886890161,25,62,17.7980376124285,11,36.2000000000003,9564.7290814936,10897,10897,1502.69228672663,1673,1793,0.788225674570728,NA,3669,"##------ Wed Feb 26 14:46:56 2025 ------##",NA,"Logout","requestTrace","teastore-private-nlb-withfailures-lowreplication","150"
"20250212_103537_150req_4_browse_run",88.884,77,156,82.766,71,147,79276.329,99332,121021,282.294428571429,287,288,0.742571428571429,NA,7000,"##------ Wed Feb 26 14:46:56 2025 ------##",NA,"Look at Product","requestTrace","teastore-private-nlb-withfailures-lowreplication","150"
"20250212_103537_150req_5_browse_run",63.2093291265988,50,124,43.4150308892709,30,93,42196.7900663127,10897,113000,709.662617369783,562,1679,0.773176399463452,306.848,52931,"##------ Wed Feb 26 14:46:57 2025 ------##",172.499087496089,"Overall","system","teastore-private-nlb-withfailures-lowreplication","150"
"20250212_103537_150req_5_browse_run",69.7347142857143,62,134,19.6818571428571,14,39,21007.2788571429,28190,28898,1500.62471428571,1816,1939,0.720142857142857,NA,7000,"##------ Wed Feb 26 14:46:57 2025 ------##",NA,"Add Product 2 to Cart","requestTrace","teastore-private-nlb-withfailures-lowreplication","150"
"20250212_103537_150req_5_browse_run",70.6117142857143,59,139,19.7521428571429,14,38,20579.2144285714,28183,28207,1016.73228571429,1243,1246,0.711714285714286,NA,7000,"##------ Wed Feb 26 14:46:57 2025 ------##",NA,"Add Product to Cart","requestTrace","teastore-private-nlb-withfailures-lowreplication","150"
"20250212_103537_150req_5_browse_run",73.6076828769922,52,151,73.1758615992372,52,150,8569.90410025882,9118,9118,210.200245198202,210,210,0.873859147255142,NA,7341,"##------ Wed Feb 26 14:46:57 2025 ------##",NA,"Home","requestTrace","teastore-private-nlb-withfailures-lowreplication","150"
"20250212_103537_150req_5_browse_run",56.3,46,105,47.467,40,85,87226.662,98336,151901,293.882142857143,300,300,0.773285714285714,NA,7000,"##------ Wed Feb 26 14:46:57 2025 ------##",NA,"List Products","requestTrace","teastore-private-nlb-withfailures-lowreplication","150"
"20250212_103537_150req_5_browse_run",58.7084285714286,49,109,50.5372857142857,42,93,86675.1874285714,104669,149662,714.684,873,875,0.764428571428571,NA,7000,"##------ Wed Feb 26 14:46:57 2025 ------##",NA,"List Products with different page","requestTrace","teastore-private-nlb-withfailures-lowreplication","150"
"20250212_103537_150req_5_browse_run",37.8228929384966,26,70,20.6119020501139,13,39,9557.54755125285,10710,10710,573.933798405467,620,620,0.81121867881549,NA,7024,"##------ Wed Feb 26 14:46:57 2025 ------##",NA,"Login","requestTrace","teastore-private-nlb-withfailures-lowreplication","150"
"20250212_103537_150req_5_browse_run",31.5807627593943,25,60,17.7661245092541,11,38,9565.57683679192,10897,10897,1494.50532809871,1674,1793,0.782669657879978,NA,3566,"##------ Wed Feb 26 14:46:57 2025 ------##",NA,"Logout","requestTrace","teastore-private-nlb-withfailures-lowreplication","150"
"20250212_103537_150req_5_browse_run",91.3728571428571,77,163,84.3738571428571,71,149,80135.0241428571,99332,121108,282.556142857143,287,288,0.747714285714286,NA,7000,"##------ Wed Feb 26 14:46:57 2025 ------##",NA,"Look at Product","requestTrace","teastore-private-nlb-withfailures-lowreplication","150"
"20250212_103537_200req_1_browse_run",68.1374725756911,46,146,46.3090975574082,28,105,35158.890039491,10710,105554,683.974813514699,392,1679,0.755638437911365,308.394,68370,"##------ Wed Feb 26 14:46:58 2025 ------##",221.696920173544,"Overall","system","teastore-private-nlb-withfailures-lowreplication","200"
"20250212_103537_200req_1_browse_run",86.2748571428571,66,178,21.5707142857143,16,40,20539.4772857143,28207,28897,1487.19471428571,1824,1939,0.681857142857143,NA,7000,"##------ Wed Feb 26 14:46:58 2025 ------##",NA,"Add Product 2 to Cart","requestTrace","teastore-private-nlb-withfailures-lowreplication","200"
"20250212_103537_200req_1_browse_run",101.921285714286,70,193,27.5955714285714,18,48,20073.4602857143,27869,28205,999.996142857143,1243,1246,0.680285714285714,NA,7000,"##------ Wed Feb 26 14:46:58 2025 ------##",NA,"Add Product to Cart","requestTrace","teastore-private-nlb-withfailures-lowreplication","200"
"20250212_103537_200req_1_browse_run",58.9496428571429,35,146,58.5845714285714,35,144,8115.04242857143,9118,9118,210.54,210,210,0.754285714285714,NA,14000,"##------ Wed Feb 26 14:46:58 2025 ------##",NA,"Home","requestTrace","teastore-private-nlb-withfailures-lowreplication","200"
"20250212_103537_200req_1_browse_run",67.0427835732206,52,127,56.4158193582464,44,105,85495.56859897,98336,151567,299.137065891985,300,300,0.761917337911,NA,7573,"##------ Wed Feb 26 14:46:58 2025 ------##",NA,"List Products","requestTrace","teastore-private-nlb-withfailures-lowreplication","200"
"20250212_103537_200req_1_browse_run",66.7848571428571,54,122,56.8584285714286,47,102,87968.6268571429,103958,147097,705.443857142857,873,875,0.784,NA,7000,"##------ Wed Feb 26 14:46:58 2025 ------##",NA,"List Products with different page","requestTrace","teastore-private-nlb-withfailures-lowreplication","200"
"20250212_103537_200req_1_browse_run",45.331705227078,30,77,27.9058269065981,16,46,9525.27317909169,10710,10710,570.778320479863,620,620,0.79502999143102,NA,11670,"##------ Wed Feb 26 14:46:58 2025 ------##",NA,"Login","requestTrace","teastore-private-nlb-withfailures-lowreplication","200"
"20250212_103537_200req_1_browse_run",30.7001428571429,23,58,16.6027142857143,11,34,9759.33142857143,10897,10897,1497.031,1674,1793,0.814428571428571,NA,7000,"##------ Wed Feb 26 14:46:58 2025 ------##",NA,"Logout","requestTrace","teastore-private-nlb-withfailures-lowreplication","200"
"20250212_103537_200req_1_browse_run",111.794583976428,92,216,103.083906271924,84,199,79023.2310930265,99332,120429,289.292830082784,287,288,0.748000561245966,NA,7127,"##------ Wed Feb 26 14:46:58 2025 ------##",NA,"Look at Product","requestTrace","teastore-private-nlb-withfailures-lowreplication","200"
"20250212_103537_200req_2_browse_run",56.9025127389,40,118,38.124060095487,25,81,35719.99649589,10710,105554,690.673942561796,393,1704,0.772831466908061,308.09,68491,"##------ Wed Feb 26 14:46:59 2025 ------##",222.308416371839,"Overall","system","teastore-private-nlb-withfailures-lowreplication","200"
"20250212_103537_200req_2_browse_run",79.0345714285714,67,157,21.2862857142857,15,40,21301.903,28537,28898,1518.53042857143,1824,1939,0.726,NA,7000,"##------ Wed Feb 26 14:46:59 2025 ------##",NA,"Add Product 2 to Cart","requestTrace","teastore-private-nlb-withfailures-lowreplication","200"
"20250212_103537_200req_2_browse_run",76.6558848674836,67,147,19.7764320319179,14,38,21479.068538045,27878,28207,1024.7053291536,1243,1246,0.745226560273582,NA,7018,"##------ Wed Feb 26 14:46:59 2025 ------##",NA,"Add Product to Cart","requestTrace","teastore-private-nlb-withfailures-lowreplication","200"
"20250212_103537_200req_2_browse_run",42.3605,26,75,41.4067857142857,26,74.1000000000004,8290.18657142857,9118,9118,210.825,210,210,0.784928571428571,NA,14000,"##------ Wed Feb 26 14:46:59 2025 ------##",NA,"Home","requestTrace","teastore-private-nlb-withfailures-lowreplication","200"
"20250212_103537_200req_2_browse_run",62.3495248152059,48,116,51.9031151003168,41,93,88500.3529567054,98336,151567,299.199049630412,300,300,0.78220696937698,NA,7576,"##------ Wed Feb 26 14:46:59 2025 ------##",NA,"List Products","requestTrace","teastore-private-nlb-withfailures-lowreplication","200"
"20250212_103537_200req_2_browse_run",60.7068571428571,51,111,52.3578571428571,44,93,88027.7958571429,104336,147430,728.266142857143,873,875,0.790428571428571,NA,7000,"##------ Wed Feb 26 14:46:59 2025 ------##",NA,"List Products with different page","requestTrace","teastore-private-nlb-withfailures-lowreplication","200"
"20250212_103537_200req_2_browse_run",35.849710982659,26,66,20.7023121387283,14,39,9506.08883032982,10710,10710,569.33058483509,620,620,0.788677320639238,NA,11764,"##------ Wed Feb 26 14:46:59 2025 ------##",NA,"Login","requestTrace","teastore-private-nlb-withfailures-lowreplication","200"
"20250212_103537_200req_2_browse_run",32.0165714285714,25,59,17.5355714285714,12,35,9615.17085714286,10897,10897,1485.66828571429,1675,1793,0.792428571428571,NA,7000,"##------ Wed Feb 26 14:46:59 2025 ------##",NA,"Logout","requestTrace","teastore-private-nlb-withfailures-lowreplication","200"
"20250212_103537_200req_2_browse_run",93.9142015982055,79,165,86.5906350764054,73,150,79177.5093228656,99332,120513,290.260199074723,287,288,0.749614467965793,NA,7133,"##------ Wed Feb 26 14:46:59 2025 ------##",NA,"Look at Product","requestTrace","teastore-private-nlb-withfailures-lowreplication","200"
"20250212_103537_200req_3_browse_run",55.2638555275646,42,114,37.234518718144,25,81,36087.6578299842,10710,105887,689.720384908313,393,1788,0.775572675610756,307.222,68276,"##------ Wed Feb 26 14:47:00 2025 ------##",222.236688778798,"Overall","system","teastore-private-nlb-withfailures-lowreplication","200"
"20250212_103537_200req_3_browse_run",71.7075714285714,63,140,18.0205714285714,13,35,21231.333,28533,28899,1517.17114285714,1824,1939,0.714857142857143,NA,7000,"##------ Wed Feb 26 14:47:00 2025 ------##",NA,"Add Product 2 to Cart","requestTrace","teastore-private-nlb-withfailures-lowreplication","200"
"20250212_103537_200req_3_browse_run",73.1352857142857,62,144,18.9865714285714,14,37,21111.982,27877,28207,1015.21114285714,1243,1246,0.729142857142857,NA,7000,"##------ Wed Feb 26 14:47:00 2025 ------##",NA,"Add Product to Cart","requestTrace","teastore-private-nlb-withfailures-lowreplication","200"
"20250212_103537_200req_3_browse_run",40.3052142857143,29,88,39.7472857142857,29,86,8329.44585714286,9118,9118,211.05,210,210,0.792785714285714,NA,14000,"##------ Wed Feb 26 14:47:00 2025 ------##",NA,"Home","requestTrace","teastore-private-nlb-withfailures-lowreplication","200"
"20250212_103537_200req_3_browse_run",57.2444208289054,46,108,47.3811105207226,39,83,88287.1361583422,98336,151567,297.619155154091,300,300,0.779489904357067,NA,7528,"##------ Wed Feb 26 14:47:00 2025 ------##",NA,"List Products","requestTrace","teastore-private-nlb-withfailures-lowreplication","200"
"20250212_103537_200req_3_browse_run",61.1815714285714,51,110,51.4952857142857,44,90,90374.0577142857,104670,147430,720.795142857143,873,875,0.799,NA,7000,"##------ Wed Feb 26 14:47:00 2025 ------##",NA,"List Products with different page","requestTrace","teastore-private-nlb-withfailures-lowreplication","200"
"20250212_103537_200req_3_browse_run",37.2495714775454,27,65,22.2229173808708,14,40,9572.42475145698,10710,10710,569.572763112787,620,620,0.798337332876243,NA,11668,"##------ Wed Feb 26 14:47:00 2025 ------##",NA,"Login","requestTrace","teastore-private-nlb-withfailures-lowreplication","200"
"20250212_103537_200req_3_browse_run",32.8547142857143,23,58,17.9248571428571,10,36,9677.40285714286,10897,10897,1496.60128571429,1675,1793,0.803428571428571,NA,7000,"##------ Wed Feb 26 14:47:00 2025 ------##",NA,"Logout","requestTrace","teastore-private-nlb-withfailures-lowreplication","200"
"20250212_103537_200req_3_browse_run",94.8028248587571,80,172.1,88.2470338983051,73,161,81105.7403954802,99332,120755,282.760734463277,287,288,0.755084745762712,NA,7080,"##------ Wed Feb 26 14:47:00 2025 ------##",NA,"Look at Product","requestTrace","teastore-private-nlb-withfailures-lowreplication","200"
"20250212_103537_200req_4_browse_run",54.4724200980034,40,109,37.1690923718277,25,77,35331.0401082425,10710,105887,687.531075842902,393,1681,0.770043150735025,307.654,68365,"##------ Wed Feb 26 14:47:01 2025 ------##",222.213915632496,"Overall","system","teastore-private-nlb-withfailures-lowreplication","200"
"20250212_103537_200req_4_browse_run",72.243,63,138,19.9932857142857,15,38,21075.096,28530,28898,1508.41385714286,1824,1939,0.714857142857143,NA,7000,"##------ Wed Feb 26 14:47:01 2025 ------##",NA,"Add Product 2 to Cart","requestTrace","teastore-private-nlb-withfailures-lowreplication","200"
"20250212_103537_200req_4_browse_run",71.6374285714286,65,131,19.5402857142857,15,37,21022.9442857143,27873,28207,1015.33028571429,1243,1246,0.726857142857143,NA,7000,"##------ Wed Feb 26 14:47:01 2025 ------##",NA,"Add Product to Cart","requestTrace","teastore-private-nlb-withfailures-lowreplication","200"
"20250212_103537_200req_4_browse_run",45.072,28,82,43.6084285714286,28,82,8395.43557142857,9118,9118,212.55,210,210,0.815357142857143,NA,14000,"##------ Wed Feb 26 14:47:01 2025 ------##",NA,"Home","requestTrace","teastore-private-nlb-withfailures-lowreplication","200"
"20250212_103537_200req_4_browse_run",57.4161350345561,46.5,98,48.1297182349814,39,80,87477.1341041999,98336,151567,297.102073365231,300,300,0.772461456671983,NA,7524,"##------ Wed Feb 26 14:47:01 2025 ------##",NA,"List Products","requestTrace","teastore-private-nlb-withfailures-lowreplication","200"
"20250212_103537_200req_4_browse_run",61.2827142857143,53,107,52.4145714285714,45.5,91,87909.564,104670,147430,719.908,873,875,0.765,NA,7000,"##------ Wed Feb 26 14:47:01 2025 ------##",NA,"List Products with different page","requestTrace","teastore-private-nlb-withfailures-lowreplication","200"
"20250212_103537_200req_4_browse_run",36.5765758091993,26,62,21.9645655877342,14,38,9514.41209540034,10710,10710,566.255792163543,620,620,0.785434412265758,NA,11740,"##------ Wed Feb 26 14:47:01 2025 ------##",NA,"Login","requestTrace","teastore-private-nlb-withfailures-lowreplication","200"
"20250212_103537_200req_4_browse_run",25.3787142857143,20,48,13.4152857142857,9,28,9677.93642857143,10897,10897,1487.361,1675,1793,0.798142857142857,NA,7000,"##------ Wed Feb 26 14:47:01 2025 ------##",NA,"Logout","requestTrace","teastore-private-nlb-withfailures-lowreplication","200"
"20250212_103537_200req_4_browse_run",87.0015490775947,75,154,80.6944092381355,69,143,77481.2729193071,99332,120671,285.457118715674,287,288,0.726939867624278,NA,7101,"##------ Wed Feb 26 14:47:01 2025 ------##",NA,"Look at Product","requestTrace","teastore-private-nlb-withfailures-lowreplication","200"
"20250212_103537_200req_5_browse_run",54.8194225030718,42,108,37.203308758996,26,77,35800.5769995904,10710,109382,694.450909835586,393,1789,0.776973260780528,307.41,68364,"##------ Wed Feb 26 14:47:02 2025 ------##",222.3870401093,"Overall","system","teastore-private-nlb-withfailures-lowreplication","200"
"20250212_103537_200req_5_browse_run",74.8515714285714,65,134,21.2484285714286,16,40,21623.0018571429,28541,28899,1546.13785714286,1827,1939,0.730428571428571,NA,7000,"##------ Wed Feb 26 14:47:02 2025 ------##",NA,"Add Product 2 to Cart","requestTrace","teastore-private-nlb-withfailures-lowreplication","200"
"20250212_103537_200req_5_browse_run",75.1935161382462,63,141,19.9585832619252,15,38,21396.2160811197,27877,28207,1035.22964867181,1243,1246,0.744930019994287,NA,7002,"##------ Wed Feb 26 14:47:02 2025 ------##",NA,"Add Product to Cart","requestTrace","teastore-private-nlb-withfailures-lowreplication","200"
"20250212_103537_200req_5_browse_run",38.9802142857143,32,75,38.7532857142857,32,75,8458.54242857143,9118,9118,210.33,210,210,0.839285714285714,NA,14000,"##------ Wed Feb 26 14:47:02 2025 ------##",NA,"Home","requestTrace","teastore-private-nlb-withfailures-lowreplication","200"
"20250212_103537_200req_5_browse_run",58.8485653560043,49,105,48.0260361317747,41,82,91471.2395058448,105220,151567,298.60719978746,300,300,0.800079702444208,NA,7528,"##------ Wed Feb 26 14:47:02 2025 ------##",NA,"List Products","requestTrace","teastore-private-nlb-withfailures-lowreplication","200"
"20250212_103537_200req_5_browse_run",56.837,47,105,49.2294285714286,41,89,86886.6492857143,104670,149996,730.519,873,875,0.756857142857143,NA,7000,"##------ Wed Feb 26 14:47:02 2025 ------##",NA,"List Products with different page","requestTrace","teastore-private-nlb-withfailures-lowreplication","200"
"20250212_103537_200req_5_browse_run",36.246460856217,28,69,21.2718744669964,15,41,9486.90619136961,10710,10710,567.454374893399,620,620,0.783387344362954,NA,11726,"##------ Wed Feb 26 14:47:02 2025 ------##",NA,"Login","requestTrace","teastore-private-nlb-withfailures-lowreplication","200"
"20250212_103537_200req_5_browse_run",28.8332857142857,24,51,16.3267142857143,11,33,9555.32057142857,10897,10897,1486.54814285714,1675,1793,0.775428571428571,NA,7000,"##------ Wed Feb 26 14:47:02 2025 ------##",NA,"Logout","requestTrace","teastore-private-nlb-withfailures-lowreplication","200"
"20250212_103537_200req_5_browse_run",96.1952729319077,78,168,90.3861845807541,72,160,77791.3607203151,99332,122951,286.694428812606,287,288,0.717923466516601,NA,7108,"##------ Wed Feb 26 14:47:02 2025 ------##",NA,"Look at Product","requestTrace","teastore-private-nlb-withfailures-lowreplication","200"
